8_12_16 , 0
2_20_00 , 1
6_8_02 , 2
7_18_22 , 3
7_25_04 , 4
7_13_08 , 4
6_21_14 , 3
8_28_00 , 1
1_23_00 , 2
3_30_04 , 4
6_11_20 , 5
7_8_12 , 5
5_1_02 , 6
3_2_04 , 5
2_11_14 , 3
1_1_12 , 3
7_25_00 , 5
4_20_10 , 7
8_18_04 , 2
5_1_20 , 7
4_20_12 , 8
1_19_20 , 4
2_19_06 , 4
8_18_20 , 3
4_13_02 , 8
4_25_20 , 9
4_3_00 , 10
2_30_06 , 6
4_20_04 , 9
8_3_04 , 2
6_24_06 , 4
1_27_04 , 4
4_26_02 , 11
7_20_06 , 6
7_29_02 , 6
5_13_10 , 11
1_10_00 , 5
8_31_10 , 3
6_6_22 , 5
8_13_10 , 3
1_29_20 , 5
1_20_16 , 4
8_10_14 , 6
7_11_08 , 5
2_7_16 , 7
4_14_16 , 10
6_22_02 , 5
6_18_00 , 6
4_5_08 , 12
7_28_22 , 7
8_10_16 , 7
3_6_20 , 9
8_15_14 , 4
7_25_20 , 8
6_7_12 , 6
8_8_12 , 3
5_6_18 , 8
5_6_12 , 9
6_12_10 , 7
3_31_00 , 10
4_23_00 , 10
3_3_12 , 11
7_9_08 , 7
6_24_00 , 6
5_30_22 , 10
1_12_10 , 6
7_23_16 , 7
3_23_22 , 8
5_10_12 , 13
8_11_00 , 8
3_17_06 , 9
7_16_10 , 5
7_10_06 , 6
5_29_06 , 11
3_8_14 , 10
6_8_08 , 7
6_27_10 , 6
4_14_12 , 11
7_11_22 , 6
3_31_22 , 12
4_1_00 , 11
1_31_00 , 6
8_24_20 , 4
2_30_12 , 8
5_8_06 , 9
4_18_04 , 12
7_27_02 , 9
4_6_20 , 14
6_27_14 , 7
2_9_04 , 10
6_31_10 , 8
3_14_14 , 11
8_2_00 , 4
8_25_00 , 5
7_28_18 , 10
8_5_02 , 4
5_3_14 , 11
8_29_04 , 5
1_13_16 , 7
8_13_20 , 5
3_17_08 , 10
7_15_16 , 6
1_10_04 , 7
2_3_20 , 9
2_11_18 , 5
3_24_02 , 9
1_23_06 , 5
2_29_16 , 7
3_17_10 , 11
5_19_06 , 12
1_12_12 , 8
4_19_08 , 13
6_5_10 , 9
7_27_16 , 11
1_1_02 , 5
7_26_12 , 10
3_20_02 , 12
6_27_20 , 9
8_9_04 , 4
3_20_00 , 13
2_7_02 , 10
6_6_20 , 10
4_24_16 , 11
8_3_14 , 5
4_26_00 , 12
1_28_00 , 6
6_15_16 , 8
6_20_16 , 7
4_21_00 , 11
7_24_04 , 8
6_21_06 , 8
2_27_14 , 8
5_27_08 , 12
5_23_00 , 13
5_7_00 , 10
8_5_22 , 5
6_2_14 , 10
6_20_22 , 9
7_30_00 , 7
4_21_04 , 12
6_27_22 , 11
4_4_08 , 13
7_6_20 , 8
2_11_02 , 7
6_26_14 , 7
7_15_12 , 7
6_31_02 , 11
4_8_10 , 15
2_24_02 , 9
3_7_10 , 11
1_27_20 , 7
7_6_02 , 9
3_12_08 , 12
6_2_00 , 12
5_18_06 , 13
2_31_16 , 10
3_3_20 , 12
6_5_00 , 10
6_15_20 , 9
7_22_22 , 8
4_7_14 , 16
6_30_02 , 12
7_29_20 , 8
5_20_14 , 14
3_5_02 , 13
7_7_14 , 9
6_4_18 , 11
1_7_18 , 8
4_10_16 , 11
3_9_02 , 12
4_17_00 , 13
5_21_16 , 15
6_7_00 , 7
1_12_22 , 9
8_10_06 , 8
5_25_02 , 14
1_5_16 , 9
2_3_16 , 11
6_4_20 , 12
7_31_08 , 10
5_4_00 , 12
1_16_12 , 8
2_1_12 , 5
2_4_04 , 11
8_22_10 , 5
5_28_14 , 13
6_29_10 , 13
8_28_14 , 6
4_3_10 , 14
2_17_20 , 6
1_13_14 , 10
6_3_22 , 12
8_4_22 , 6
2_27_12 , 10
5_7_06 , 11
8_17_10 , 5
3_23_02 , 13
4_13_06 , 12
5_28_06 , 14
6_4_14 , 13
2_29_06 , 9
4_28_00 , 12
6_21_12 , 9
3_31_14 , 13
2_11_16 , 6
5_4_08 , 13
7_23_02 , 9
3_16_16 , 12
7_6_18 , 10
5_14_02 , 14
7_23_18 , 9
6_28_08 , 14
3_16_22 , 13
5_3_18 , 13
6_14_18 , 9
8_23_06 , 6
5_7_02 , 12
3_14_18 , 13
8_12_00 , 9
8_14_10 , 6
6_4_08 , 14
1_29_12 , 7
5_16_06 , 15
4_31_08 , 13
5_5_20 , 14
4_19_02 , 14
3_12_12 , 13
1_13_04 , 11
5_9_16 , 10
8_17_08 , 6
6_10_10 , 11
8_1_14 , 6
4_8_12 , 16
2_23_14 , 10
8_14_08 , 7
8_28_06 , 7
8_19_22 , 7
1_24_06 , 6
2_30_14 , 11
7_14_08 , 8
8_25_04 , 6
2_31_00 , 12
2_24_20 , 11
6_16_08 , 10
6_2_22 , 13
8_18_16 , 4
4_20_08 , 10
1_10_14 , 8
6_30_10 , 13
6_12_06 , 8
6_4_12 , 15
1_21_12 , 5
3_20_08 , 14
7_8_04 , 10
6_24_16 , 8
2_8_12 , 11
6_31_00 , 14
1_3_10 , 10
3_2_02 , 10
1_8_14 , 9
2_19_02 , 7
4_9_16 , 17
7_19_00 , 7
6_31_12 , 13
6_20_08 , 8
4_13_16 , 13
6_12_18 , 10
7_14_20 , 9
7_20_04 , 8
2_24_08 , 12
2_28_20 , 10
4_22_02 , 13
4_18_06 , 15
6_15_14 , 10
1_26_04 , 7
6_24_08 , 9
1_19_18 , 9
7_12_02 , 7
4_29_08 , 14
6_8_20 , 8
6_2_12 , 13
2_7_04 , 11
1_15_04 , 9
6_22_12 , 7
2_29_02 , 11
8_17_22 , 6
3_3_08 , 13
6_21_02 , 10
3_28_02 , 11
7_4_12 , 11
3_22_16 , 15
2_20_22 , 11
5_17_12 , 16
1_24_02 , 7
6_8_14 , 9
7_30_06 , 11
2_18_08 , 8
1_1_06 , 6
3_19_02 , 14
1_28_12 , 8
3_30_10 , 11
7_18_02 , 6
6_26_10 , 9
2_28_16 , 11
2_16_10 , 7
7_25_16 , 9
7_26_22 , 11
5_14_06 , 16
1_24_04 , 8
2_11_10 , 8
2_10_18 , 10
5_25_06 , 15
1_25_16 , 8
6_25_02 , 10
6_18_14 , 9
8_30_10 , 5
4_4_20 , 14
5_19_00 , 14
2_25_12 , 12
4_29_12 , 15
8_10_00 , 9
2_26_16 , 13
5_23_14 , 15
7_10_22 , 7
5_25_14 , 16
7_10_16 , 8
5_3_02 , 12
8_21_10 , 7
5_13_14 , 15
2_29_04 , 12
5_8_18 , 11
3_9_14 , 13
6_15_10 , 11
4_23_14 , 12
8_1_00 , 8
6_2_16 , 14
5_16_22 , 17
4_28_08 , 15
6_14_12 , 11
4_30_04 , 16
8_13_18 , 6
5_23_02 , 16
5_27_06 , 17
1_1_10 , 7
8_7_14 , 6
2_21_06 , 12
8_1_02 , 9
6_18_16 , 10
1_31_22 , 11
8_9_18 , 5
1_2_12 , 7
1_10_22 , 9
5_16_08 , 18
3_26_08 , 12
3_4_10 , 14
7_29_00 , 8
3_24_12 , 13
4_9_06 , 18
4_13_08 , 14
3_26_14 , 13
1_25_18 , 9
7_15_22 , 7
5_29_18 , 12
1_11_00 , 10
3_1_18 , 15
2_15_02 , 8
6_17_10 , 11
4_17_16 , 14
7_30_08 , 12
2_5_12 , 12
3_23_16 , 14
2_14_20 , 9
4_27_20 , 13
4_11_18 , 12
8_29_12 , 6
8_31_04 , 6
6_4_04 , 15
6_29_06 , 15
6_1_14 , 11
5_21_14 , 16
5_23_04 , 17
7_18_12 , 7
2_6_08 , 13
8_2_20 , 6
6_29_08 , 16
5_14_22 , 17
8_9_08 , 6
7_6_06 , 11
1_30_12 , 8
3_3_14 , 13
8_8_02 , 7
3_9_12 , 14
3_3_02 , 14
7_22_02 , 9
6_23_08 , 8
1_15_00 , 10
5_2_22 , 13
6_31_04 , 12
6_22_08 , 8
6_14_22 , 12
4_12_22 , 13
8_22_08 , 8
7_19_06 , 9
2_18_00 , 9
1_17_04 , 10
8_25_22 , 7
6_8_04 , 8
6_1_04 , 12
8_27_20 , 8
8_4_16 , 7
6_25_10 , 11
5_10_22 , 14
3_29_16 , 12
3_4_22 , 15
3_28_14 , 13
7_23_06 , 10
8_26_14 , 9
8_3_06 , 6
2_28_22 , 12
8_6_00 , 7
8_14_02 , 8
1_3_22 , 11
1_14_12 , 11
7_14_10 , 10
3_17_16 , 15
4_24_18 , 12
7_10_12 , 9
6_12_16 , 11
4_9_08 , 19
5_15_20 , 18
7_1_02 , 10
2_23_02 , 13
7_8_16 , 8
4_2_18 , 17
5_30_08 , 14
3_19_04 , 16
3_10_04 , 13
8_8_00 , 8
6_31_14 , 14
4_16_00 , 14
7_29_22 , 9
2_18_10 , 9
4_7_16 , 17
5_21_04 , 17
7_13_18 , 9
1_13_06 , 12
8_30_04 , 7
4_31_00 , 17
5_17_10 , 18
8_6_10 , 8
1_29_16 , 8
6_23_00 , 9
2_11_22 , 10
1_25_04 , 9
5_31_00 , 13
2_3_04 , 12
2_2_10 , 8
8_23_16 , 7
6_15_22 , 11
2_12_20 , 11
7_17_08 , 7
3_18_16 , 16
1_30_00 , 9
1_19_02 , 11
8_10_08 , 9
6_12_12 , 12
7_26_14 , 12
5_24_18 , 16
1_24_12 , 10
6_1_10 , 13
6_11_10 , 12
3_21_20 , 16
6_3_10 , 15
5_20_02 , 15
7_18_08 , 8
1_14_14 , 12
7_7_12 , 10
5_19_12 , 13
6_25_18 , 12
7_13_16 , 10
3_14_02 , 14
8_20_10 , 8
8_11_12 , 10
6_8_10 , 10
3_2_16 , 6
7_1_20 , 11
4_24_04 , 13
7_10_20 , 9
3_21_14 , 17
6_9_20 , 9
4_10_00 , 14
6_6_18 , 11
4_23_20 , 14
8_10_10 , 10
1_20_10 , 5
6_11_00 , 13
1_13_10 , 13
1_8_20 , 11
1_27_08 , 8
6_23_20 , 9
7_31_22 , 12
8_5_06 , 6
7_22_04 , 10
8_28_10 , 8
7_5_10 , 12
5_10_00 , 18
1_21_14 , 6
6_27_04 , 8
8_25_18 , 8
3_29_04 , 14
2_10_06 , 12
5_12_16 , 15
2_17_02 , 8
1_23_04 , 6
3_21_10 , 18
5_10_18 , 15
3_21_06 , 19
7_7_06 , 11
2_9_14 , 14
1_17_14 , 12
3_13_02 , 15
7_23_00 , 10
8_21_16 , 9
1_26_14 , 8
8_13_08 , 4
1_19_16 , 12
1_28_08 , 9
8_9_02 , 5
1_17_12 , 13
4_19_04 , 15
7_20_14 , 10
1_26_08 , 9
3_29_08 , 15
4_12_10 , 14
3_15_08 , 14
8_30_16 , 7
1_13_22 , 12
1_6_06 , 10
3_8_00 , 12
2_25_04 , 13
4_11_22 , 15
4_4_10 , 15
3_1_04 , 17
3_26_06 , 14
8_26_16 , 10
8_16_14 , 7
3_28_16 , 15
4_20_00 , 12
6_5_20 , 12
2_18_18 , 10
6_12_00 , 9
3_23_12 , 15
2_16_22 , 9
5_21_02 , 18
3_28_18 , 16
7_19_12 , 11
5_17_02 , 19
8_27_10 , 11
1_17_22 , 13
1_1_04 , 7
7_20_22 , 11
3_17_22 , 17
1_2_06 , 8
6_25_04 , 12
8_9_16 , 7
4_16_14 , 15
5_6_00 , 15
5_5_10 , 15
8_21_08 , 9
2_23_22 , 11
8_4_04 , 8
4_9_18 , 19
4_27_22 , 14
4_3_18 , 15
2_12_14 , 12
5_4_16 , 16
1_26_18 , 9
3_29_10 , 16
7_14_00 , 10
7_1_18 , 12
4_16_08 , 16
3_23_10 , 16
5_10_06 , 19
1_2_20 , 10
6_11_14 , 13
6_20_10 , 9
6_8_00 , 7
5_22_08 , 16
8_22_20 , 7
1_30_18 , 9
3_17_12 , 16
3_12_16 , 16
7_14_16 , 11
8_27_06 , 12
5_4_14 , 17
6_9_00 , 10
5_11_22 , 16
8_23_08 , 8
3_7_20 , 13
1_7_00 , 11
4_19_20 , 14
7_24_00 , 10
7_13_12 , 11
3_9_20 , 15
2_20_20 , 12
5_27_22 , 15
7_16_08 , 8
6_4_02 , 16
4_13_20 , 14
8_6_14 , 9
3_12_04 , 14
3_3_18 , 14
2_29_18 , 9
8_18_14 , 5
4_19_10 , 15
6_10_20 , 14
3_15_00 , 15
2_27_22 , 12
4_9_02 , 19
1_20_12 , 6
1_2_08 , 9
4_23_12 , 13
7_5_02 , 13
8_4_00 , 9
5_17_20 , 17
4_7_08 , 17
2_6_16 , 14
7_28_14 , 12
3_3_04 , 15
5_18_20 , 15
7_12_18 , 8
5_25_00 , 17
2_25_16 , 14
5_29_10 , 13
6_28_06 , 15
6_31_08 , 13
6_3_06 , 16
8_17_14 , 7
6_25_14 , 13
7_7_00 , 12
8_7_10 , 10
6_8_06 , 9
1_4_22 , 12
5_12_10 , 17
2_2_20 , 9
1_31_06 , 12
2_28_14 , 13
3_5_06 , 14
1_1_16 , 6
2_16_14 , 10
3_10_14 , 15
2_22_00 , 14
6_21_18 , 6
8_4_12 , 9
6_5_16 , 13
3_25_12 , 15
3_3_00 , 15
6_3_16 , 16
8_19_02 , 8
4_10_14 , 15
6_17_12 , 12
7_24_16 , 9
4_6_12 , 15
2_13_18 , 12
8_17_16 , 8
1_5_04 , 13
5_18_04 , 18
7_17_14 , 8
7_28_08 , 13
7_27_00 , 12
4_26_18 , 14
2_22_02 , 15
1_24_20 , 11
4_30_20 , 18
7_7_10 , 12
8_11_02 , 11
4_22_14 , 14
2_17_16 , 9
2_23_18 , 12
4_27_10 , 15
1_16_16 , 11
5_22_06 , 17
2_22_22 , 16
6_28_12 , 16
8_28_12 , 9
4_10_20 , 13
5_26_16 , 18
7_21_16 , 12
6_29_04 , 17
7_17_18 , 9
5_5_02 , 17
1_5_06 , 14
6_14_16 , 12
6_16_00 , 12
3_23_14 , 16
2_15_18 , 9
1_13_02 , 12
6_21_10 , 10
8_24_02 , 8
8_11_04 , 12
3_1_14 , 18
2_26_12 , 15
5_29_16 , 14
3_6_14 , 15
5_17_18 , 18
3_22_02 , 17
6_4_00 , 17
3_4_06 , 15
2_7_14 , 12
3_30_18 , 12
7_12_06 , 9
3_15_04 , 16
8_26_20 , 13
4_17_02 , 15
7_26_08 , 11
5_3_22 , 14
6_12_20 , 12
5_21_22 , 18
7_5_14 , 13
1_18_12 , 14
7_2_18 , 10
7_17_00 , 8
2_4_10 , 13
4_23_08 , 14
1_15_14 , 10
3_1_08 , 19
8_30_22 , 8
2_4_00 , 12
1_26_16 , 10
3_30_22 , 13
8_31_22 , 4
8_16_22 , 8
6_10_04 , 12
1_26_20 , 10
4_25_22 , 13
7_8_00 , 11
5_29_22 , 14
7_10_08 , 10
5_23_08 , 18
8_18_08 , 6
5_20_12 , 16
4_31_18 , 14
5_2_00 , 15
6_22_04 , 9
1_11_20 , 11
8_14_18 , 7
8_1_08 , 10
2_29_12 , 10
6_16_20 , 12
1_23_22 , 8
8_16_06 , 8
4_26_22 , 16
1_1_22 , 7
4_3_04 , 15
3_31_08 , 14
4_15_00 , 15
6_7_10 , 8
7_2_22 , 11
4_30_22 , 19
5_9_00 , 12
8_17_12 , 8
1_14_10 , 13
4_22_10 , 15
1_22_14 , 7
5_20_10 , 17
8_5_00 , 7
3_23_00 , 16
4_15_16 , 16
3_30_20 , 14
7_23_12 , 11
4_23_18 , 15
4_31_10 , 15
5_1_06 , 8
5_20_06 , 18
8_10_22 , 9
6_11_12 , 14
5_20_08 , 19
2_4_14 , 14
4_14_06 , 15
2_15_10 , 10
3_30_02 , 7
2_22_18 , 17
7_7_16 , 12
8_13_14 , 7
8_7_12 , 11
7_28_00 , 14
2_28_02 , 14
4_18_00 , 15
6_14_04 , 13
7_16_06 , 9
1_27_14 , 9
6_14_10 , 14
8_15_22 , 9
8_3_16 , 10
1_16_06 , 11
3_29_02 , 17
2_22_08 , 18
3_30_00 , 8
5_9_08 , 13
5_9_04 , 14
7_8_20 , 9
8_22_22 , 8
7_28_10 , 14
8_27_14 , 12
2_4_02 , 13
2_8_06 , 12
1_18_16 , 15
6_26_08 , 13
8_1_20 , 9
2_8_20 , 12
8_16_00 , 10
4_9_04 , 20
5_24_00 , 17
1_15_16 , 12
7_16_20 , 9
4_15_08 , 17
5_8_22 , 13
2_10_16 , 13
8_27_16 , 13
7_24_20 , 10
2_1_02 , 6
2_31_10 , 13
4_21_16 , 14
5_26_22 , 19
4_6_14 , 16
1_5_12 , 15
8_28_02 , 8
1_4_08 , 13
7_7_08 , 13
4_14_00 , 16
2_23_16 , 13
7_12_20 , 9
4_12_06 , 16
6_16_04 , 13
2_25_14 , 15
6_7_16 , 8
3_25_16 , 16
1_3_00 , 12
4_15_10 , 18
1_29_00 , 9
3_7_00 , 12
3_8_04 , 13
6_28_18 , 18
7_2_20 , 12
1_25_14 , 10
5_21_06 , 18
3_16_14 , 15
1_6_10 , 12
6_3_18 , 17
2_11_04 , 9
7_9_00 , 10
6_6_04 , 13
1_5_22 , 11
1_24_10 , 11
2_14_04 , 13
3_19_16 , 18
1_1_14 , 7
2_14_06 , 14
5_11_06 , 17
3_7_06 , 13
5_31_22 , 14
6_26_20 , 9
4_30_16 , 19
4_7_20 , 18
3_14_12 , 15
6_18_10 , 10
5_28_22 , 14
4_29_20 , 18
4_6_22 , 18
4_1_06 , 13
3_31_20 , 14
6_9_18 , 11
2_10_20 , 11
1_1_08 , 8
4_11_08 , 14
7_24_06 , 10
7_25_02 , 6
2_8_04 , 13
3_9_18 , 16
7_15_06 , 10
3_16_20 , 14
4_10_22 , 15
3_20_06 , 15
5_20_18 , 19
7_3_02 , 13
1_30_06 , 10
4_10_18 , 14
3_24_18 , 16
7_2_00 , 11
5_3_16 , 14
5_24_12 , 18
5_9_14 , 14
3_8_08 , 14
8_6_16 , 11
2_11_06 , 10
7_8_22 , 11
3_15_18 , 16
5_5_22 , 16
7_4_20 , 14
5_17_22 , 19
4_3_08 , 16
3_13_22 , 16
3_20_12 , 20
2_7_10 , 13
8_22_06 , 10
7_17_04 , 9
5_22_10 , 17
4_26_06 , 15
8_5_14 , 7
5_14_10 , 18
6_22_06 , 10
2_1_18 , 6
6_23_18 , 10
6_7_08 , 9
1_14_22 , 13
4_24_06 , 14
3_21_04 , 21
4_14_20 , 16
4_15_02 , 18
8_1_10 , 11
4_8_00 , 19
5_31_18 , 15
7_22_12 , 11
5_26_18 , 20
4_25_14 , 13
3_21_02 , 22
4_2_12 , 19
6_21_00 , 11
8_19_20 , 9
3_6_02 , 16
6_19_18 , 13
4_7_22 , 20
6_17_20 , 13
8_22_18 , 8
2_26_22 , 14
5_21_08 , 19
4_27_08 , 17
2_17_10 , 10
6_2_02 , 14
2_13_14 , 13
2_31_08 , 14
7_12_12 , 10
5_17_16 , 19
8_15_00 , 8
7_22_16 , 12
4_22_00 , 15
3_27_04 , 14
5_8_14 , 12
6_10_06 , 13
1_1_18 , 8
6_17_04 , 13
2_17_00 , 10
3_24_20 , 17
2_29_20 , 10
8_14_06 , 9
8_7_08 , 12
2_7_12 , 14
6_30_20 , 15
5_30_12 , 15
3_13_16 , 17
2_5_16 , 14
7_12_04 , 10
4_7_10 , 18
8_25_10 , 9
6_30_06 , 14
7_1_14 , 13
5_2_18 , 16
5_7_08 , 12
2_10_10 , 14
5_31_02 , 16
1_17_06 , 14
7_5_16 , 14
4_10_12 , 16
6_11_06 , 14
8_25_14 , 10
7_25_10 , 10
7_25_06 , 11
5_8_12 , 13
4_20_20 , 12
2_23_00 , 17
5_4_02 , 14
8_18_00 , 7
1_7_16 , 12
8_9_10 , 8
7_17_06 , 10
8_4_06 , 10
4_1_16 , 14
2_27_06 , 15
8_21_02 , 10
6_14_06 , 15
1_16_00 , 13
1_8_04 , 10
3_13_04 , 18
2_16_12 , 11
2_12_12 , 13
8_21_12 , 10
1_27_22 , 8
5_30_18 , 16
6_6_16 , 14
6_2_08 , 15
5_2_16 , 17
7_2_10 , 12
5_3_20 , 15
7_8_14 , 9
6_29_14 , 14
7_2_08 , 13
5_27_04 , 20
6_9_02 , 12
5_7_22 , 13
8_8_06 , 8
6_29_22 , 15
7_20_12 , 11
3_24_22 , 18
2_5_14 , 15
4_24_08 , 15
3_19_18 , 19
3_1_16 , 19
5_13_16 , 16
4_26_04 , 16
1_20_18 , 6
4_24_10 , 16
8_8_16 , 6
2_6_04 , 15
6_20_00 , 12
7_17_02 , 10
6_22_14 , 10
5_8_02 , 14
1_3_14 , 12
6_16_16 , 13
8_27_04 , 14
8_10_18 , 10
1_8_00 , 11
1_28_14 , 10
4_19_12 , 16
4_16_18 , 16
4_18_12 , 16
3_4_02 , 16
8_6_22 , 13
6_11_18 , 14
8_2_04 , 7
5_29_04 , 15
3_10_18 , 16
6_18_06 , 11
6_13_10 , 14
4_13_12 , 15
8_27_22 , 9
4_23_04 , 15
4_27_14 , 16
5_5_12 , 16
1_18_04 , 15
4_21_14 , 15
7_29_16 , 9
8_1_12 , 12
8_14_20 , 9
7_21_18 , 13
6_23_02 , 10
5_19_10 , 14
2_22_20 , 18
6_21_04 , 11
3_13_12 , 19
5_29_20 , 15
8_5_12 , 8
3_5_22 , 17
8_22_04 , 11
8_5_20 , 8
3_6_18 , 16
3_14_20 , 16
4_4_02 , 16
5_4_18 , 18
5_10_16 , 16
4_8_22 , 20
6_15_18 , 10
7_1_16 , 14
2_5_20 , 16
2_16_16 , 11
2_11_00 , 12
3_26_00 , 17
2_10_12 , 15
7_11_16 , 7
1_11_14 , 12
7_31_16 , 13
6_31_16 , 17
7_22_08 , 12
7_7_04 , 13
4_4_16 , 16
4_24_02 , 15
3_2_00 , 13
8_9_20 , 6
6_16_12 , 14
5_24_02 , 19
6_19_22 , 14
4_3_16 , 16
3_26_22 , 15
4_26_08 , 16
6_24_04 , 7
5_16_02 , 19
5_28_18 , 15
4_11_20 , 16
4_1_02 , 14
1_18_00 , 16
2_12_22 , 14
6_27_18 , 10
3_20_10 , 21
4_20_02 , 13
5_2_02 , 18
3_30_16 , 13
8_16_10 , 9
4_5_00 , 15
8_12_02 , 10
7_1_12 , 14
7_29_14 , 10
8_16_12 , 10
3_11_20 , 17
6_19_04 , 14
2_3_00 , 13
1_6_14 , 13
4_21_18 , 16
4_11_00 , 16
6_24_14 , 10
5_6_16 , 10
2_31_20 , 14
8_18_22 , 9
6_10_12 , 15
2_8_02 , 14
3_27_14 , 15
6_19_00 , 15
4_5_02 , 16
1_19_14 , 13
1_26_10 , 10
5_28_20 , 16
1_31_10 , 13
8_29_16 , 7
5_21_20 , 19
6_5_22 , 14
8_23_02 , 9
4_31_16 , 16
6_14_14 , 13
1_16_04 , 14
2_26_04 , 16
5_4_12 , 18
5_14_12 , 19
5_16_20 , 19
4_3_20 , 17
6_9_04 , 13
4_7_04 , 19
6_28_20 , 19
8_15_04 , 9
3_24_16 , 17
3_11_08 , 18
4_5_12 , 16
8_20_02 , 10
1_27_18 , 10
4_25_08 , 14
7_25_08 , 12
4_2_10 , 20
5_30_04 , 15
3_11_04 , 19
4_27_00 , 18
4_2_14 , 20
6_19_16 , 15
5_19_16 , 14
8_2_18 , 8
1_5_00 , 14
4_2_22 , 18
2_1_14 , 7
6_4_06 , 16
5_6_08 , 16
2_12_18 , 13
5_7_20 , 14
4_6_08 , 17
5_10_04 , 20
4_28_22 , 16
7_31_20 , 14
8_30_20 , 9
5_29_14 , 15
6_16_18 , 14
5_5_00 , 19
7_16_18 , 10
3_24_06 , 14
5_1_12 , 9
7_26_16 , 13
8_19_18 , 10
1_31_16 , 14
8_30_06 , 8
7_11_14 , 8
2_18_04 , 10
8_20_12 , 11
2_24_22 , 14
1_18_14 , 16
2_29_14 , 11
1_18_18 , 16
8_27_08 , 13
6_20_20 , 10
8_19_08 , 11
7_2_02 , 14
1_3_18 , 13
4_25_00 , 15
8_6_20 , 14
4_21_06 , 16
7_9_02 , 11
3_19_12 , 19
8_2_02 , 8
5_17_00 , 20
3_27_06 , 16
8_18_02 , 8
7_27_04 , 12
1_25_22 , 10
3_12_10 , 14
7_27_20 , 15
3_25_10 , 19
5_10_02 , 21
8_10_02 , 10
3_16_04 , 17
7_27_18 , 16
1_12_02 , 12
8_31_12 , 5
4_31_12 , 17
2_23_08 , 14
7_4_06 , 14
8_7_02 , 14
6_23_14 , 11
7_28_20 , 11
4_11_14 , 15
3_19_20 , 20
2_15_00 , 10
2_29_22 , 11
6_28_04 , 16
2_17_04 , 11
5_16_10 , 20
1_3_08 , 13
5_13_18 , 17
7_21_12 , 13
3_8_22 , 13
1_28_04 , 10
7_17_10 , 9
6_17_06 , 14
5_13_12 , 16
3_31_16 , 15
1_16_14 , 12
4_8_18 , 21
7_31_14 , 14
7_20_18 , 12
4_18_02 , 16
8_12_06 , 11
7_17_12 , 10
4_8_14 , 22
7_21_10 , 14
5_28_00 , 16
4_19_00 , 17
3_7_02 , 14
4_17_14 , 16
3_16_00 , 18
2_2_22 , 10
7_13_06 , 10
3_14_16 , 14
1_21_22 , 8
4_28_06 , 16
8_14_00 , 9
6_29_00 , 20
6_3_08 , 17
6_19_02 , 16
1_24_18 , 12
4_12_12 , 15
7_29_06 , 11
8_17_20 , 9
5_24_06 , 20
2_4_22 , 15
6_16_06 , 14
4_10_06 , 17
1_19_22 , 6
1_14_02 , 14
8_8_08 , 9
4_1_14 , 15
5_27_10 , 16
7_31_04 , 13
5_19_22 , 15
2_30_16 , 13
8_31_16 , 6
1_20_02 , 8
3_31_18 , 16
5_24_04 , 21
3_30_12 , 14
1_31_12 , 15
5_11_16 , 18
5_26_20 , 21
6_11_04 , 15
7_22_06 , 13
6_6_14 , 15
3_6_04 , 17
8_1_06 , 11
6_18_12 , 11
5_1_04 , 9
7_26_04 , 12
2_12_04 , 14
8_31_20 , 7
8_20_04 , 11
1_22_04 , 9
7_30_14 , 14
5_26_04 , 19
5_10_14 , 17
7_19_10 , 12
6_5_08 , 11
8_21_04 , 11
4_3_02 , 16
2_19_12 , 7
2_18_06 , 11
5_16_04 , 20
2_6_00 , 17
2_14_16 , 15
2_15_14 , 11
6_27_00 , 10
2_21_14 , 15
8_20_06 , 12
1_19_10 , 14
8_13_12 , 8
1_21_16 , 9
8_24_06 , 9
3_25_06 , 20
3_8_12 , 15
1_8_02 , 12
7_23_22 , 11
8_30_00 , 8
3_22_18 , 17
8_30_02 , 9
4_1_12 , 16
2_22_06 , 19
3_10_10 , 16
2_5_04 , 16
8_3_02 , 5
7_24_02 , 11
5_9_18 , 13
7_15_14 , 8
3_18_20 , 17
6_21_22 , 7
6_23_04 , 11
3_4_04 , 17
6_17_16 , 14
4_15_06 , 19
2_6_10 , 15
7_7_18 , 13
8_25_08 , 10
1_5_10 , 16
1_16_02 , 15
2_9_16 , 15
1_6_16 , 14
3_22_22 , 18
4_2_00 , 21
4_3_12 , 17
1_21_04 , 7
8_17_06 , 9
4_14_02 , 17
7_13_10 , 12
5_16_14 , 21
2_19_14 , 8
6_30_22 , 16
2_18_20 , 11
6_3_00 , 18
7_9_10 , 10
1_16_10 , 12
4_27_12 , 17
5_18_18 , 16
5_11_02 , 18
7_30_04 , 12
1_10_16 , 10
7_13_20 , 11
5_2_12 , 19
1_17_10 , 15
1_4_18 , 14
1_11_18 , 13
1_13_20 , 13
8_4_10 , 11
5_25_08 , 17
1_11_10 , 13
5_26_08 , 20
5_2_08 , 20
6_24_10 , 11
4_15_14 , 19
3_29_12 , 17
6_6_10 , 16
3_7_14 , 14
4_16_10 , 17
7_11_10 , 9
8_9_06 , 7
6_25_22 , 14
8_17_00 , 10
2_29_08 , 11
7_13_22 , 12
7_5_00 , 15
7_18_04 , 9
3_27_10 , 17
4_7_12 , 19
7_27_14 , 13
1_29_02 , 10
8_7_16 , 9
2_6_22 , 15
6_26_18 , 10
6_9_08 , 14
3_10_12 , 17
4_28_16 , 17
5_1_00 , 16
1_2_04 , 9
4_25_10 , 15
8_6_02 , 9
7_12_10 , 11
6_20_04 , 13
3_29_14 , 18
7_14_12 , 12
2_16_02 , 10
7_18_10 , 9
3_5_18 , 18
5_15_00 , 19
2_26_00 , 17
6_10_18 , 16
2_2_02 , 12
4_30_14 , 20
5_15_12 , 20
1_9_08 , 13
2_30_18 , 14
7_21_22 , 14
7_2_14 , 13
2_14_02 , 14
5_22_00 , 19
5_8_20 , 14
6_17_14 , 15
8_2_08 , 9
7_21_06 , 15
7_30_22 , 15
2_23_06 , 15
8_14_16 , 8
5_5_18 , 17
8_29_14 , 8
4_12_02 , 17
4_1_10 , 17
5_28_08 , 15
5_28_16 , 16
5_7_12 , 15
5_30_10 , 16
7_6_22 , 13
1_30_20 , 10
4_18_20 , 18
7_16_22 , 10
3_12_14 , 17
6_15_04 , 13
3_10_02 , 16
6_18_18 , 16
5_18_10 , 17
8_30_08 , 9
3_8_06 , 15
7_23_20 , 12
4_11_12 , 16
4_7_00 , 20
3_30_06 , 12
6_10_00 , 14
3_5_10 , 19
3_3_10 , 14
2_1_20 , 7
6_13_22 , 15
2_12_06 , 15
6_8_22 , 11
8_17_04 , 11
2_8_18 , 13
3_21_18 , 18
8_6_18 , 15
7_31_00 , 16
8_11_14 , 11
7_14_04 , 11
5_31_12 , 17
1_7_12 , 13
8_4_18 , 8
6_24_02 , 8
4_25_16 , 14
8_5_18 , 9
4_16_12 , 18
1_25_02 , 12
5_8_16 , 13
2_14_08 , 16
2_9_18 , 17
8_6_04 , 10
2_17_12 , 11
1_13_08 , 14
3_16_10 , 18
2_9_22 , 18
8_23_18 , 9
3_22_00 , 18
2_25_00 , 15
4_17_06 , 17
6_15_08 , 14
1_13_18 , 14
4_29_22 , 22
7_25_12 , 11
4_13_14 , 16
5_7_04 , 13
5_3_06 , 13
2_11_08 , 11
4_29_00 , 17
1_16_08 , 13
7_17_20 , 10
6_8_18 , 10
1_8_08 , 11
5_2_10 , 21
8_24_04 , 10
2_14_18 , 16
4_14_08 , 16
2_30_22 , 15
7_1_22 , 12
8_24_16 , 10
5_4_10 , 19
7_7_02 , 14
5_4_04 , 15
5_24_14 , 19
8_29_22 , 8
7_6_08 , 12
1_14_00 , 15
2_25_18 , 18
2_19_04 , 8
3_18_08 , 18
4_26_14 , 17
6_8_16 , 11
2_8_14 , 14
4_11_04 , 17
8_4_08 , 12
6_19_20 , 15
1_28_10 , 10
3_27_20 , 16
4_23_06 , 16
2_27_08 , 16
4_27_02 , 19
1_1_20 , 9
8_12_10 , 12
1_21_08 , 8
1_16_18 , 12
1_18_08 , 16
8_19_00 , 10
8_31_14 , 7
6_4_16 , 14
2_8_00 , 15
4_23_10 , 15
1_8_22 , 14
5_11_20 , 19
5_6_06 , 17
5_14_14 , 20
5_9_06 , 15
3_13_08 , 20
7_29_10 , 12
1_29_08 , 11
2_22_12 , 19
5_22_04 , 20
8_11_18 , 12
4_6_16 , 17
6_18_04 , 12
2_10_02 , 14
1_10_20 , 11
6_8_12 , 11
7_10_02 , 10
3_21_16 , 19
6_13_06 , 15
6_23_12 , 12
4_17_20 , 16
1_25_12 , 11
8_25_12 , 11
1_7_10 , 14
7_21_00 , 16
6_28_10 , 17
6_10_14 , 17
2_13_02 , 15
4_13_18 , 15
6_1_00 , 15
6_24_20 , 11
3_7_12 , 15
4_30_06 , 21
2_18_12 , 11
5_29_00 , 16
2_26_18 , 15
5_3_04 , 14
7_3_18 , 15
8_2_14 , 10
7_19_08 , 13
8_19_14 , 12
1_1_00 , 7
4_31_02 , 18
7_12_14 , 11
3_17_20 , 18
8_28_04 , 9
7_30_12 , 15
5_30_14 , 17
5_3_08 , 14
2_17_18 , 10
8_21_18 , 12
8_6_06 , 11
6_3_14 , 17
2_31_04 , 15
5_28_04 , 17
8_25_06 , 11
3_13_10 , 21
4_29_18 , 19
1_27_00 , 11
2_24_14 , 13
1_15_06 , 11
3_28_22 , 18
4_17_12 , 18
2_4_18 , 16
6_18_02 , 13
1_30_02 , 11
8_8_20 , 7
6_9_10 , 15
5_27_00 , 21
8_16_16 , 9
3_22_08 , 18
8_5_16 , 10
3_5_00 , 16
7_8_06 , 11
5_15_10 , 21
8_11_08 , 13
5_15_18 , 21
3_19_10 , 20
3_8_10 , 16
2_19_20 , 9
1_15_08 , 12
5_5_06 , 18
8_3_00 , 6
3_12_20 , 17
1_3_12 , 13
5_24_22 , 18
3_25_22 , 18
5_12_22 , 16
8_19_12 , 13
7_22_00 , 15
1_23_02 , 7
1_30_16 , 10
5_6_14 , 11
6_24_22 , 12
8_11_16 , 13
8_4_20 , 9
1_2_14 , 11
3_10_20 , 20
4_16_22 , 17
7_10_00 , 11
6_9_14 , 16
1_30_08 , 11
1_14_06 , 15
5_19_20 , 16
3_13_20 , 18
8_19_04 , 12
1_12_06 , 13
6_2_20 , 15
4_2_20 , 19
6_27_16 , 11
8_28_18 , 7
4_6_00 , 18
2_21_18 , 16
1_4_02 , 14
6_11_16 , 15
2_22_16 , 20
6_31_22 , 19
1_7_04 , 15
3_25_18 , 19
4_8_04 , 20
7_10_18 , 10
5_28_10 , 16
3_20_20 , 23
2_7_18 , 16
6_14_02 , 16
8_7_06 , 15
5_28_12 , 17
3_27_22 , 17
7_11_06 , 8
2_24_16 , 14
2_1_16 , 8
2_29_00 , 13
1_7_20 , 12
1_5_08 , 17
8_29_20 , 9
4_2_04 , 22
8_3_20 , 11
8_21_06 , 12
6_13_14 , 16
2_8_16 , 15
8_6_08 , 12
7_24_08 , 11
1_21_10 , 9
4_29_06 , 18
6_15_02 , 14
3_15_06 , 17
4_16_16 , 17
1_22_02 , 10
2_28_08 , 15
2_19_16 , 10
1_17_02 , 13
6_13_04 , 16
5_17_04 , 20
4_2_08 , 23
6_27_12 , 8
2_24_04 , 13
2_15_16 , 12
1_11_22 , 13
6_16_14 , 15
5_9_22 , 15
4_21_12 , 17
1_4_14 , 15
5_19_08 , 15
6_27_06 , 9
4_2_16 , 21
4_5_22 , 19
4_6_06 , 19
2_17_22 , 10
4_17_22 , 17
3_19_06 , 21
3_28_06 , 14
3_1_10 , 20
5_18_12 , 18
1_30_04 , 12
2_19_22 , 10
2_25_10 , 14
1_20_14 , 7
7_1_00 , 12
3_2_14 , 7
5_10_10 , 20
1_6_18 , 15
4_8_06 , 21
4_9_22 , 20
5_15_02 , 22
2_12_00 , 15
2_22_04 , 20
8_13_00 , 5
4_22_16 , 15
3_29_06 , 16
1_9_10 , 15
3_24_10 , 15
8_29_10 , 7
3_16_06 , 19
8_25_02 , 7
5_11_04 , 19
4_21_02 , 13
3_11_18 , 19
1_25_10 , 12
7_3_08 , 16
1_18_02 , 17
7_11_12 , 10
5_1_08 , 10
7_5_08 , 14
4_27_04 , 20
4_16_06 , 17
8_26_06 , 10
3_11_16 , 20
2_5_00 , 17
8_16_04 , 11
6_17_18 , 15
5_2_04 , 21
1_29_18 , 9
4_15_20 , 17
8_9_00 , 8
3_29_22 , 14
4_31_14 , 18
4_29_16 , 20
5_12_06 , 18
7_9_22 , 11
7_28_06 , 15
6_4_10 , 16
3_15_20 , 19
5_23_18 , 18
2_19_18 , 11
4_28_12 , 18
2_10_00 , 16
4_5_06 , 17
8_24_00 , 10
2_3_06 , 13
5_8_10 , 14
3_29_20 , 15
6_21_08 , 11
5_4_06 , 16
4_30_00 , 19
5_11_10 , 19
7_12_08 , 12
6_30_04 , 15
8_17_18 , 10
3_7_18 , 15
6_22_10 , 9
4_29_14 , 21
4_4_18 , 17
8_29_00 , 8
2_13_00 , 16
4_1_22 , 15
4_4_12 , 17
7_13_00 , 11
2_21_16 , 17
5_24_10 , 21
7_9_18 , 12
4_30_12 , 22
6_29_02 , 21
3_25_02 , 21
4_30_10 , 23
8_29_18 , 10
7_2_16 , 14
1_9_18 , 17
8_11_22 , 13
2_3_10 , 14
4_13_10 , 16
1_19_04 , 15
1_17_16 , 14
2_1_00 , 11
2_6_12 , 16
5_27_20 , 17
6_10_16 , 18
2_15_22 , 11
3_16_12 , 19
7_16_12 , 11
1_21_02 , 8
1_25_20 , 11
7_17_16 , 10
1_31_20 , 15
6_19_10 , 16
5_31_10 , 18
4_29_04 , 19
6_5_06 , 12
6_6_02 , 15
4_25_18 , 15
1_17_00 , 14
7_11_18 , 8
4_18_18 , 19
5_2_14 , 20
7_19_22 , 13
2_21_08 , 16
5_13_22 , 18
1_28_20 , 11
5_25_16 , 20
6_30_14 , 16
4_13_22 , 17
1_18_06 , 17
6_23_10 , 13
6_9_06 , 15
5_31_06 , 19
4_12_20 , 16
4_5_18 , 20
5_8_00 , 15
1_26_12 , 11
3_18_12 , 19
2_25_22 , 19
6_7_18 , 9
4_4_04 , 17
2_13_16 , 14
5_25_12 , 18
1_4_04 , 15
2_7_06 , 14
3_1_02 , 21
2_11_12 , 9
3_17_02 , 14
3_6_00 , 18
3_5_20 , 19
1_23_10 , 9
8_20_22 , 12
6_9_12 , 17
5_15_06 , 23
8_24_14 , 11
7_18_06 , 10
2_22_10 , 20
1_18_20 , 17
2_2_00 , 13
6_16_02 , 14
1_21_06 , 9
8_9_14 , 9
8_20_18 , 13
7_3_22 , 16
2_2_08 , 13
4_6_18 , 18
2_16_06 , 11
1_3_06 , 14
2_14_10 , 17
5_22_12 , 18
7_29_04 , 12
2_20_16 , 13
7_26_18 , 14
8_3_18 , 12
2_25_08 , 15
7_10_04 , 11
6_17_22 , 14
4_19_06 , 16
5_22_22 , 19
3_21_08 , 20
5_15_08 , 24
2_21_12 , 17
3_24_14 , 18
3_25_20 , 20
7_2_06 , 15
1_28_02 , 11
2_23_20 , 13
4_12_04 , 18
8_22_12 , 9
4_14_18 , 17
6_20_12 , 10
5_27_18 , 18
7_27_10 , 14
8_30_18 , 10
1_31_08 , 14
5_30_02 , 16
5_12_20 , 17
1_3_16 , 14
2_16_04 , 12
2_28_00 , 15
2_3_22 , 13
6_19_12 , 17
6_3_20 , 18
4_13_04 , 13
3_28_00 , 18
1_3_02 , 15
7_17_22 , 11
6_20_18 , 11
7_6_00 , 15
7_4_16 , 15
8_8_10 , 10
7_12_00 , 8
4_30_18 , 20
7_5_06 , 15
7_1_10 , 15
6_25_16 , 14
2_24_18 , 15
8_31_08 , 7
5_25_04 , 16
6_20_06 , 14
6_13_08 , 16
7_13_04 , 12
3_31_12 , 15
3_9_04 , 15
1_9_04 , 15
4_21_10 , 18
7_15_02 , 11
1_4_20 , 15
7_30_10 , 16
3_9_08 , 16
3_13_18 , 19
4_15_04 , 20
2_30_02 , 11
6_2_10 , 16
6_2_06 , 16
1_19_08 , 16
8_8_22 , 9
5_6_22 , 11
2_5_10 , 17
3_26_02 , 18
1_2_16 , 12
2_23_12 , 15
6_16_10 , 15
4_16_20 , 18
3_26_20 , 16
2_30_04 , 12
4_24_22 , 16
4_5_20 , 21
1_20_20 , 9
6_25_06 , 13
6_28_00 , 17
1_24_22 , 13
4_15_22 , 18
7_26_00 , 13
6_20_14 , 11
4_27_18 , 17
2_28_04 , 16
3_2_10 , 8
3_22_10 , 19
6_1_20 , 13
8_13_04 , 6
1_17_18 , 15
6_26_06 , 15
3_12_06 , 15
7_5_22 , 16
1_4_06 , 16
8_16_20 , 10
6_27_08 , 10
3_27_18 , 17
4_18_16 , 20
6_7_20 , 10
6_21_16 , 7
8_23_10 , 9
5_16_18 , 22
6_25_00 , 13
2_22_14 , 21
1_29_22 , 10
3_18_00 , 19
2_27_02 , 16
1_28_06 , 11
2_1_08 , 7
4_3_22 , 18
4_28_14 , 19
7_24_10 , 12
7_10_14 , 10
3_24_08 , 16
1_6_02 , 12
2_27_16 , 13
4_19_14 , 17
3_15_14 , 17
2_19_08 , 8
7_20_00 , 13
6_5_14 , 14
5_15_14 , 22
2_17_06 , 12
2_16_00 , 12
1_12_18 , 10
3_12_22 , 18
2_28_18 , 12
1_14_20 , 14
4_27_06 , 21
5_21_18 , 20
4_11_02 , 18
7_31_18 , 15
5_18_22 , 16
7_20_02 , 14
3_10_16 , 17
2_2_06 , 14
4_4_00 , 19
5_13_02 , 17
6_13_18 , 17
8_28_16 , 8
7_19_20 , 14
1_4_16 , 16
6_21_20 , 8
1_21_20 , 10
6_12_14 , 13
7_3_04 , 17
8_7_22 , 10
7_18_16 , 8
5_7_18 , 16
8_3_12 , 7
8_15_08 , 10
4_30_02 , 20
5_29_12 , 16
3_31_02 , 15
4_1_20 , 16
3_4_14 , 16
3_15_12 , 18
1_28_22 , 12
8_31_18 , 8
5_29_08 , 14
2_30_00 , 12
2_5_22 , 18
2_2_14 , 10
3_3_22 , 17
3_11_14 , 21
7_20_10 , 12
2_9_08 , 15
5_18_08 , 18
8_15_18 , 10
2_20_14 , 14
1_22_22 , 8
1_10_06 , 9
7_30_02 , 13
3_26_16 , 17
3_11_00 , 21
1_5_20 , 12
3_18_06 , 20
7_3_10 , 17
3_6_06 , 18
8_16_02 , 12
5_26_12 , 21
1_21_18 , 11
7_12_16 , 12
4_21_22 , 17
4_2_02 , 23
2_31_02 , 16
2_23_04 , 16
4_8_08 , 22
6_26_16 , 11
4_13_00 , 14
5_6_10 , 17
2_4_12 , 15
2_15_08 , 11
6_22_00 , 8
1_24_00 , 9
7_21_20 , 15
4_18_10 , 17
8_13_06 , 7
3_27_12 , 18
8_14_12 , 9
8_5_10 , 9
4_18_08 , 18
3_21_00 , 24
7_3_16 , 18
1_19_00 , 18
4_31_22 , 15
6_1_08 , 14
8_23_20 , 11
5_21_10 , 20
2_17_14 , 12
8_3_08 , 8
6_23_16 , 12
3_22_20 , 19
4_26_10 , 18
5_11_12 , 20
1_22_00 , 11
3_21_22 , 19
2_9_20 , 19
2_3_12 , 15
1_7_02 , 16
3_23_18 , 15
3_28_20 , 19
3_14_06 , 16
5_20_00 , 16
3_5_16 , 20
6_7_04 , 10
2_24_06 , 14
1_7_06 , 16
3_21_12 , 19
4_21_08 , 19
8_5_08 , 10
7_31_06 , 14
3_15_10 , 19
8_26_22 , 15
7_3_14 , 19
5_1_10 , 11
4_22_04 , 16
5_6_02 , 18
1_9_16 , 18
1_6_12 , 14
6_31_20 , 20
2_30_10 , 9
8_30_12 , 8
7_24_12 , 13
3_15_16 , 18
8_7_04 , 16
8_24_18 , 11
5_10_20 , 16
4_22_06 , 17
8_31_06 , 8
8_18_10 , 7
6_12_02 , 10
1_8_06 , 12
2_18_16 , 12
3_14_10 , 17
6_26_04 , 16
7_6_14 , 13
1_5_02 , 15
6_28_22 , 21
3_25_00 , 22
8_21_14 , 11
2_16_18 , 12
2_3_14 , 16
1_31_14 , 16
5_17_08 , 21
8_19_06 , 13
4_25_04 , 16
6_7_22 , 11
4_19_16 , 18
7_21_04 , 17
4_24_00 , 16
2_2_16 , 11
8_16_18 , 11
3_11_22 , 18
8_11_06 , 14
3_29_18 , 16
1_7_14 , 14
8_20_08 , 13
8_1_22 , 11
5_5_08 , 19
6_25_20 , 15
4_24_12 , 17
8_28_08 , 9
7_16_16 , 12
3_11_02 , 22
5_3_12 , 15
1_10_02 , 8
3_30_08 , 13
4_23_22 , 17
2_15_20 , 12
2_3_18 , 12
5_26_14 , 22
2_25_02 , 16
1_26_22 , 12
8_22_00 , 13
8_29_06 , 8
1_6_20 , 16
2_13_08 , 16
7_31_02 , 17
8_13_02 , 7
5_19_04 , 15
8_13_16 , 8
3_14_08 , 18
3_27_16 , 18
8_2_12 , 11
7_11_20 , 9
7_15_10 , 11
3_18_10 , 20
3_15_22 , 20
5_30_16 , 18
6_28_16 , 19
1_23_14 , 10
8_22_14 , 10
7_31_12 , 15
8_26_08 , 11
7_1_08 , 16
6_30_18 , 17
8_8_14 , 7
4_9_14 , 20
6_16_22 , 14
5_17_14 , 20
1_18_10 , 17
8_14_14 , 10
7_4_14 , 16
5_27_12 , 19
7_16_04 , 10
1_28_18 , 12
5_22_02 , 21
5_14_00 , 19
7_30_16 , 16
8_28_20 , 9
8_2_10 , 12
6_13_00 , 17
3_14_00 , 17
2_18_02 , 11
6_1_18 , 14
1_15_10 , 13
1_12_00 , 14
8_1_04 , 12
2_1_04 , 8
1_10_10 , 10
4_4_22 , 16
2_9_02 , 13
1_16_20 , 15
1_17_08 , 16
3_23_06 , 17
7_9_12 , 13
4_22_22 , 16
1_20_06 , 9
5_1_22 , 17
8_29_02 , 9
4_12_18 , 17
7_19_16 , 15
1_29_06 , 12
3_25_14 , 17
6_26_00 , 17
7_6_10 , 14
5_7_16 , 17
2_7_08 , 15
8_5_04 , 7
5_31_14 , 18
8_23_00 , 10
6_22_18 , 11
4_12_14 , 18
2_20_12 , 15
5_1_18 , 10
3_1_22 , 16
8_20_20 , 14
4_7_18 , 19
8_12_22 , 6
6_14_20 , 13
8_24_10 , 12
4_22_18 , 17
4_15_18 , 18
1_2_22 , 11
1_16_22 , 16
4_14_10 , 17
4_17_10 , 19
7_27_22 , 16
4_25_06 , 17
7_28_16 , 13
1_28_16 , 13
8_23_12 , 10
4_28_20 , 18
2_13_20 , 15
3_20_14 , 24
4_20_06 , 11
3_16_08 , 20
4_21_20 , 18
6_1_22 , 14
4_18_14 , 21
5_30_06 , 16
3_22_06 , 19
5_24_16 , 20
6_29_18 , 16
5_31_04 , 20
5_12_18 , 18
3_5_14 , 21
2_2_12 , 11
1_5_14 , 16
3_4_20 , 17
2_13_12 , 17
4_3_06 , 17
1_25_08 , 13
3_24_00 , 10
4_20_14 , 13
4_31_06 , 19
2_10_08 , 15
4_31_04 , 20
4_28_18 , 19
8_15_12 , 11
2_31_14 , 14
5_23_10 , 19
7_9_06 , 12
8_20_14 , 14
3_9_06 , 17
4_26_20 , 17
2_20_18 , 14
4_28_10 , 19
3_22_14 , 20
2_20_06 , 16
6_5_12 , 15
5_27_14 , 20
1_4_00 , 15
4_12_16 , 19
3_31_06 , 16
6_13_12 , 17
2_12_10 , 16
7_23_10 , 12
3_20_22 , 25
7_21_14 , 14
4_22_12 , 16
8_21_22 , 14
3_16_18 , 15
4_4_06 , 18
7_6_12 , 15
6_22_22 , 12
1_22_08 , 10
3_24_04 , 15
4_16_02 , 18
6_15_06 , 15
2_27_10 , 17
4_19_18 , 19
4_12_00 , 18
5_22_16 , 20
8_25_16 , 11
5_9_20 , 16
5_19_14 , 15
7_7_22 , 14
3_8_18 , 14
5_17_06 , 22
7_27_08 , 15
2_12_02 , 16
6_30_16 , 18
3_28_08 , 15
7_29_18 , 10
1_18_22 , 19
6_29_12 , 15
8_12_12 , 13
4_28_02 , 17
7_8_18 , 10
4_10_10 , 18
1_20_08 , 10
5_18_16 , 19
8_22_16 , 11
1_27_12 , 10
5_11_14 , 21
5_28_02 , 18
3_17_00 , 15
4_1_04 , 15
8_9_12 , 10
2_29_10 , 12
7_3_06 , 18
4_17_18 , 17
7_22_18 , 13
8_1_18 , 10
6_18_22 , 17
3_13_00 , 19
8_2_16 , 11
7_21_08 , 16
2_13_04 , 17
5_20_16 , 20
2_1_10 , 8
6_1_06 , 15
1_30_10 , 12
8_26_04 , 11
8_24_22 , 6
2_28_10 , 16
6_7_02 , 11
4_24_20 , 17
6_1_02 , 16
3_7_08 , 14
5_22_14 , 21
3_19_00 , 18
3_2_20 , 9
3_26_18 , 18
1_27_10 , 11
4_10_04 , 18
7_19_14 , 16
1_22_20 , 9
8_19_10 , 14
6_9_16 , 17
6_5_18 , 14
5_23_06 , 19
2_21_10 , 18
7_23_04 , 11
